episode,description,rating,number of votes,air date,Season,Episode,Title
S1.E0 ∙ Adventure Time,"Princess Bubblegum is captured by the Ice King, and it's now up to Finn the Human and Jake the Dog to save her.",6.7,1.2K,"Mon, Apr 5, 2010",1,0,Adventure Time
S1.E1 ∙ Slumber Party Panic,Princess Bumblegum's latest experiment accidentally unleashes an undead horde upon the Candy Kingdom.,7.4,3K,"Mon, Apr 5, 2010",1,1,Slumber Party Panic
S1.E2 ∙ Trouble in Lumpy Space,"Jake is bitten by Lumpy Space Princess and begins to transform into a Lumpy being. In order to find a cure, Finn is travels to Lumpy Space.",7.2,2.6K,"Mon, Apr 5, 2010",1,2,Trouble in Lumpy Space
S1.E3 ∙ Prisoners of Love,"After the Ice King kidnaps a large group of princesses, its up to Finn and Jake to free them.",7.2,2.5K,"Mon, Apr 12, 2010",1,3,Prisoners of Love
S1.E4 ∙ Tree Trunks,"Tree Trunks joins Finn and Jake on an quest, but finds her talents for adventuring leave something to be desired.",7.4,2.4K,"Mon, Apr 12, 2010",1,4,Tree Trunks
S1.E5 ∙ The Enchiridion!,"Princess Bubblegum sends Finn on his most challenging quest yet--to recover The Enchiridion, the hero's handbook.",7.8,2.4K,"Mon, Apr 19, 2010",1,5,The Enchiridion!
S1.E6 ∙ The Jiggler,"After finding a Jiggler in the wild, Finn and Jake decide to adopt the funny creature as a pet.",7.1,2.3K,"Mon, Apr 19, 2010",1,6,The Jiggler
S1.E7 ∙ Ricardio the Heart Guy,"A new stranger arrives in the Candy Kingdom: a charismatic talking heart named Ricardio. He soon becomes very popular, except to Finn who believes he's hiding something.",7.3,2.2K,"Mon, Apr 26, 2010",1,7,Ricardio the Heart Guy
S1.E8 ∙ Business Time,Finn and Jake discover a tribe of businessmen frozen in a block of ice and hire them to make adventuring easier.,7.5,2.2K,"Mon, Apr 26, 2010",1,8,Business Time
S1.E9 ∙ My Two Favorite People,"Jake tries hanging out with both his best friend, Finn, and his girlfriend, Lady Rainicorn, at the same time. But soon Jake becomes jealous when Finn and Lady seem too friendly.",7.6,2.1K,"Mon, May 3, 2010",1,9,My Two Favorite People
S1.E10 ∙ Memories of Boom Boom Mountain,"While having trouble solving the contradictory problems of the residents of a mountain village, Finn recalls where he found the desire to help people.",7.7,2.1K,"Mon, May 3, 2010",1,10,Memories of Boom Boom Mountain
S1.E11 ∙ Wizard,Finn and Jake discover a secret tribe of wizards and take magic lessons for a price they aren't prepared to pay.,8.0,2.2K,"Mon, May 10, 2010",1,11,Wizard
S1.E12 ∙ Evicted!,After Marceline the Vampire Queen visits Finn and Jake at their tree fort she informs them that she is moving in and kicking them out.,8.2,2.2K,"Mon, May 17, 2010",1,12,Evicted!
S1.E13 ∙ City of Thieves,A mission leads Jake into a city where everyone is a thief and the chance to be corrupted is incredibly strong.,7.7,2.1K,"Mon, May 24, 2010",1,13,City of Thieves
S1.E14 ∙ The Witch's Garden,"A witch steals Jake's shape-shifting powers, but his ego makes getting them back very difficult.",7.3,2K,"Mon, Jun 7, 2010",1,14,The Witch's Garden
S1.E15 ∙ What Is Life?,Finn creates a robot to continuously throw pies at Jake but unexpectedly imbues it with a soul.,7.5,2K,"Mon, Jun 14, 2010",1,15,What Is Life?
S1.E16 ∙ Ocean of Fear,Finn must overcome his fear of the ocean.,7.7,2K,"Mon, Jun 21, 2010",1,16,Ocean of Fear
S1.E17 ∙ When Wedding Bells Thaw,The Ice King announces that he is engaged and to the shock of Finn and Jake it seems the bride is actually willing. But will the Ice King give up his princess kidnapping ways?,7.0,1.9K,"Mon, Jun 28, 2010",1,17,When Wedding Bells Thaw
S1.E18 ∙ Dungeon,"Finn adventures into a forbidden dungeon, against the wishes of Princess Bumblegum and Jake, and finds more than he bargained for.",8.1,2K,"Mon, Jul 12, 2010",1,18,Dungeon
S1.E19 ∙ The Duke,"An accident in the Candy Kingdom which Finn and Jake cause is blamed on the Duke of Nuts. Finn and Jake, however, find admitting the truth to be harder and harder as time passes.",7.4,1.9K,"Mon, Jul 19, 2010",1,19,The Duke
S1.E20 ∙ Freak City,A trickster turns Finn into a giant foot.,7.3,2K,"Mon, Jul 26, 2010",1,20,Freak City
S1.E21 ∙ Donny,"Finn and Jake try to reform a bullying ogre, but realize that their good deed has unexpected consequences.",7.1,1.9K,"Mon, Aug 9, 2010",1,21,Donny
S1.E22 ∙ Henchman,Marceline the Vampire Queen tricks Finn into swearing allegiance to her.,7.9,2K,"Mon, Aug 23, 2010",1,22,Henchman
S1.E23 ∙ Rainy Day Daydream,"Jake's imagination literally runs wild, coming to life and bringing many dangers into the tree house.",8.1,2K,"Mon, Sep 6, 2010",1,23,Rainy Day Daydream
S1.E24 ∙ What Have You Done?,"After being told to arrest the Ice King, Finn and Jake face an ethical quandary when they realize the villain has not actually committed any recent crimes.",7.5,1.9K,"Mon, Sep 13, 2010",1,24,What Have You Done?
S1.E25 ∙ His Hero,"Finn meets his hero, the great warrior Billy, who is not everything Finn expected him to be.",7.6,1.9K,"Mon, Sep 20, 2010",1,25,His Hero
S1.E26 ∙ Gut Grinder,"Jake is accused of being a horrible monster that has been terrorizing the locals. Soon, Jake himself is unsure if he is or isn't the monster.",7.2,1.9K,"Mon, Sep 27, 2010",1,26,Gut Grinder
S2.E1 ∙ It Came from the Nightosphere,"Finn summons the Lord of Evil to reconcile with his daughter, Marceline the Vampire Queen, but ends up unleashing him of the unsuspecting land.",8.8,2.2K,"Mon, Oct 11, 2010",2,1,It Came from the Nightosphere
S2.E2 ∙ The Eyes,"Because of a creepy horse outside their window, Finn and Jake cannot get any sleep.",7.8,1.9K,"Mon, Oct 18, 2010",2,2,The Eyes
S2.E3 ∙ Loyalty to the King,"After shaving, the Ice King is mistaken as a good guy and takes advantage of the situation.",7.3,1.8K,"Mon, Oct 25, 2010",2,3,Loyalty to the King
S2.E4 ∙ Blood Under the Skin,Finn is made fun of by a group of knights and reacts by questing for a set of magical armor that will earn him respect.,7.5,1.8K,"Mon, Nov 1, 2010",2,4,Blood Under the Skin
S2.E5 ∙ Storytelling,"Unable to give a sick Jake an entertaining story, Finn sets off into the woods to discover a true story.",7.5,1.8K,"Mon, Nov 8, 2010",2,5,Storytelling
S2.E6 ∙ Slow Love,Finn and Jake try to find a girlfriend for a giant snail so that it will stop wrecking their tree-house.,6.6,1.9K,"Mon, Nov 15, 2010",2,6,Slow Love
S2.E7 ∙ Power Animal,"Finn is kidnapped, but Jake's short attention span means rescue is dubious.",7.6,1.8K,"Mon, Nov 22, 2010",2,7,Power Animal
S2.E8 ∙ Crystals Have Power,Jake swears a life of non-violence right before a race of indestructible crystal-men abduct Finn to another dimension.,7.3,1.7K,"Mon, Nov 29, 2010",2,8,Crystals Have Power
S2.E9 ∙ The Other Tarts,Finn and Jake are given one of the highest responsibilities: transporting and guarding the rarest pastry in the Candy Kingdom.,8.0,1.8K,"Mon, Jan 3, 2011",2,9,The Other Tarts
S2.E10 ∙ To Cut a Woman's Hair,An evil witch threatens to crush Jake to death if Finn doesn't deliver her the hair of a princess.,7.7,1.8K,"Mon, Jan 10, 2011",2,10,To Cut a Woman's Hair
S2.E11 ∙ The Chamber of Frozen Blades,"While he's away, Finn and Jake sneak into Ice King's fortress.",7.7,1.7K,"Mon, Jan 17, 2011",2,11,The Chamber of Frozen Blades
S2.E12 ∙ Her Parents,"Anxious about meeting Lady Rainicorn's parents, Jake tries to pass himself off as a Rainicorn.",7.6,1.7K,"Mon, Jan 24, 2011",2,12,Her Parents
S2.E13 ∙ The Pods,"Given the duty of protecting three magic beans, one evil and two good, Finn and Jake decide to plant them to find out which is which.",7.5,1.7K,"Mon, Jan 31, 2011",2,13,The Pods
S2.E14 ∙ The Silent King,"After defeating their king, Finn becomes the new ruler of the Goblin people, and finds that their strange ways are too difficult to understand.",7.4,1.7K,"Mon, Feb 7, 2011",2,14,The Silent King
S2.E15 ∙ The Real You,"Nervous about giving a speech at Princess Bubblegum's science conference and barbecue, Finn finds a magical pair of glasses that make him the smartest being in the land.",8.1,1.8K,"Mon, Feb 14, 2011",2,15,The Real You
S2.E16 ∙ Guardians of Sunshine,Finn and Jake become trapped inside one of BMO's video game creations.,8.0,1.7K,"Mon, Feb 21, 2011",2,16,Guardians of Sunshine
S2.E17 ∙ Death in Bloom,"After accidentally killing Princess Bubblegum's beloved plant, Finn and Jake travel to the land of the dead to bring it back to life.",8.4,1.8K,"Mon, Feb 28, 2011",2,17,Death in Bloom
S2.E18 ∙ Susan Strong,"Having always believed he is the only human left in the Land of Ooo, Finn believes he has discovered a tribe to primitive humans living underground.",7.8,1.7K,"Mon, Mar 7, 2011",2,18,Susan Strong
S2.E19 ∙ Mystery Train,"While traveling on a train, Finn and Jake find themselves in the middle of a murder mystery.",8.4,1.8K,"Mon, Mar 14, 2011",2,19,Mystery Train
S2.E20 ∙ Go with Me,Jake and Marceline give Finn conflicting advise on how to ask out Princess Bubblegum.,8.0,1.7K,"Mon, Mar 28, 2011",2,20,Go with Me
S2.E21 ∙ Belly of the Beast,"Finn and Jake must save a group of clueless, party-minded teddy bears living inside the belly of a monster.",7.7,1.7K,"Mon, Apr 4, 2011",2,21,Belly of the Beast
S2.E22 ∙ The Limit,An enormous maze tests the limit of Jake's stretching power.,8.2,1.8K,"Mon, Apr 11, 2011",2,22,The Limit
S2.E23 ∙ Video Makers,"Finn and Jake set out to make their own movie, but have conflicting visions of what their movie should be.",7.7,1.7K,"Mon, Apr 18, 2011",2,23,Video Makers
S2.E24 ∙ Mortal Folly,"The Lich, the greatest form of pure evil in the land of Ooo, is accidentally unleashed. With the highest stakes, Finn and Jake set out on the most serious adventure of their career.",8.8,1.9K,"Mon, May 2, 2011",2,24,Mortal Folly
S2.E25 ∙ Mortal Recoil,"With the evil Lich seemingly defeated, Finn and Jake are uneasy with their success because of its great cost.",8.8,1.9K,"Mon, May 2, 2011",2,25,Mortal Recoil
S2.E26 ∙ Heat Signature,"Finn and Jake ask Marceline the Vampire Queen to turn them into vampires. However, she isn't interested in transforming her friends and tricks them into thinking she has.",7.5,1.8K,"Mon, May 9, 2011",2,26,Heat Signature
S3.E1 ∙ Conquest of Cuteness,Finn and Jake come under attack in their home from a race of super-evil creatures which are too cute to be taken seriously.,7.4,1.7K,"Mon, Jul 11, 2011",3,1,Conquest of Cuteness
S3.E2 ∙ Morituri Te Salutamus,Finn and Jake end up in a haunted arena where they must fight ghost gladiators to escape.,7.6,1.7K,"Mon, Jul 18, 2011",3,2,Morituri Te Salutamus
S3.E3 ∙ Memory of a Memory,"Finding their friend, Marceline the Vampire Queen, in a deep sleep, a mysterious stranger helps Finn and Jake by sending them into her dreams to awaken her.",8.8,1.9K,"Mon, Jul 25, 2011",3,3,Memory of a Memory
S3.E4 ∙ Hitman,"The Ice King looks to hire a professional bully to beat up Finn and Jake, but inadvertently hires a deadly, unstoppable contract killer.",8.0,1.7K,"Mon, Aug 1, 2011",3,4,Hitman
S3.E5 ∙ Too Young,Finn is happy that Princess Bubblegum has regressed to the same age as him. But soon a challenger for the throne arrives to unseat the newly underage princess.,8.5,1.9K,"Mon, Aug 8, 2011",3,5,Too Young
S3.E6 ∙ The Monster,"The king and queen of Lumpy Space ask Finn to find and return Lumpy Space Princess, who has been living in the woods and mistaken as a monster.",7.2,1.7K,"Mon, Aug 15, 2011",3,6,The Monster
S3.E7 ∙ Still,"The Ice King uses a potion that paralyzes Finn and Jake, who become the lonely villain's unwilling best friends.",7.5,1.6K,"Mon, Aug 22, 2011",3,7,Still
S3.E8 ∙ Wizard Battle,"The Ice King enters a battle of wizards from all over the Land of Ooo, to win a kiss from Princess Bubblegum--which Finn and Jake look to prevent.",7.5,1.6K,"Mon, Aug 29, 2011",3,8,Wizard Battle
S3.E9 ∙ Fionna and Cake,"In a world where all the characters are different genders, the adventurer Fionna gets advice from her cat-friend Cake on her date with Prince Gumball.",8.4,2.1K,"Mon, Sep 5, 2011",3,9,Fionna and Cake
S3.E10 ∙ What Was Missing,"In order to open a magic door filled with stolen items, Finn and all his friends must perform in a band. But everyone's differing musical tastes and overall tensions make things difficult.",8.9,2.2K,"Mon, Sep 26, 2011",3,10,What Was Missing
S3.E11 ∙ Apple Thief,"After Tree Trunks finds her apples have gone missing, Finn and Jake search the criminal underworld of the Candy Kingdom to recover them.",6.7,1.7K,"Mon, Oct 3, 2011",3,11,Apple Thief
S3.E12 ∙ The Creeps,Finn's masquerade birthday party turns into a deadly mystery.,8.3,1.7K,"Mon, Oct 17, 2011",3,12,The Creeps
S3.E13 ∙ From Bad to Worse,The undead plague returns to the Candy Kingdom.,8.1,1.7K,"Mon, Oct 24, 2011",3,13,From Bad to Worse
S3.E14 ∙ Beautopia,Susan Strong returns and asks Finn and Jake to save her people from the Glubs. But Finn is still not sure if he can trust her after last time.,7.7,1.6K,"Mon, Nov 7, 2011",3,14,Beautopia
S3.E15 ∙ No One Can Hear You,"After trying to stop a deer that has been licking the Candy Kingdom people, Finn wakes up in a hospital to find everyone missing except Jake who is acting very strange.",8.3,1.8K,"Mon, Nov 14, 2011",3,15,No One Can Hear You
S3.E16 ∙ Jake vs. Me-Mow,"A tiny cat assassin tries to black mail Jake into killing someone, by hiding in his nose with some poison.",7.8,1.6K,"Mon, Nov 21, 2011",3,16,Jake vs. Me-Mow
S3.E17 ∙ Thank You,A fire-breathing wolf cub becomes lost in the snowy woods and becomes unlikely friends with a tall snow-creature.,9.0,2.2K,"Wed, Nov 23, 2011",3,17,Thank You
S3.E18 ∙ The New Frontier,"Jake has a dream that seems to foretell his death but, to Finn's dismay, doesn't take it serious.",7.4,1.6K,"Mon, Nov 28, 2011",3,18,The New Frontier
S3.E19 ∙ Holly Jolly Secrets,"In part two of the holiday special, The Ice King tries to get his video diary back from Finn and Jake.",8.6,1.9K,"Mon, Dec 5, 2011",3,19,Holly Jolly Secrets
S3.E21 ∙ Marceline's Closet,"Bored waiting for her, Finn and Jake sneak into Marceline's house, become trapped when she comes home, and witness her strange behavior when she's alone.",8.4,1.8K,"Mon, Dec 12, 2011",3,21,Marceline's Closet
S3.E22 ∙ Paper Pete,"A secret war takes place in the library between tiny paper people and mold creatures, and Finn is brought into the middle of it all.",7.1,1.6K,"Mon, Jan 16, 2012",3,22,Paper Pete
S3.E23 ∙ Another Way,"Finn journeys for a cyclops's magical tears to cure his injuries, but have trouble because of his stubborn inability to follow the advice of others.",7.5,1.6K,"Mon, Jan 23, 2012",3,23,Another Way
S3.E24 ∙ Ghost Princess,Finn and Jake try to help Ghost Princess by solving her murder.,7.6,1.6K,"Mon, Jan 30, 2012",3,24,Ghost Princess
S3.E25 ∙ Dad's Dungeon,Finn and Jake discover a lost message from their dad which sends them to a mysterious and dangerous dungeon.,8.3,1.7K,"Mon, Feb 6, 2012",3,25,Dad's Dungeon
S3.E26 ∙ Incendium,"Trying to help Finn get over his hopeless feelings for Princess Bubblegum, Jake sets out to find a new princess for Finn to go out with.",8.3,1.7K,"Mon, Feb 13, 2012",3,26,Incendium
S4.E1 ∙ Hot to the Touch,"Refusing to believe that she is evil, Finn tries to win over his new crush, Flame Princess.",8.1,1.7K,"Mon, Apr 2, 2012",4,1,Hot to the Touch
S4.E2 ∙ Five Short Graybles,"Five short stories of Finn, Jake and their friends.",7.7,1.6K,"Mon, Apr 9, 2012",4,2,Five Short Graybles
S4.E3 ∙ Web Weirdos,"After being caught by a giant spider, Finn and Jake try and help the arachnid with its marital problems so they won't be eaten.",6.6,1.6K,"Mon, Apr 16, 2012",4,3,Web Weirdos
S4.E4 ∙ Dream of Love,Tree Trunks finds love but her public displays of affection nauseate everyone around her.,6.0,1.7K,"Mon, Apr 23, 2012",4,4,Dream of Love
S4.E5 ∙ Return to the Nightosphere,Finn and Jake find themselves imprisoned in the dark realm of the Nightosphere with no memory of how they came to be there.,8.2,1.7K,"Mon, Apr 30, 2012",4,5,Return to the Nightosphere
S4.E6 ∙ Daddy's Little Monster,"Continuing their mysterious quest in the Nightosphere, Finn and Jake must rescue their friend Marceline the Vampire Queen.",8.4,1.7K,"Mon, Apr 30, 2012",4,6,Daddy's Little Monster
S4.E7 ∙ In Your Footsteps,"A cute, bumbling bear begins to follow and mimic Finn. At first Finn enjoys having the furry admirer, but soon becomes uneasy with the bear's devotion.",7.3,1.6K,"Mon, May 7, 2012",4,7,In Your Footsteps
S4.E8 ∙ Hug Wolf,"A Hug Wolf, a monstrous wolf that gives hugs against the will of its victims, turns Finn into one of its kind.",7.2,1.6K,"Mon, May 14, 2012",4,8,Hug Wolf
S4.E9 ∙ Princess Monster Wife,The Ice King steals various body parts from all the princesses to construct his own perfect princess bride.,7.2,1.6K,"Mon, May 28, 2012",4,9,Princess Monster Wife
S4.E10 ∙ Goliad,"Princess Bubblegum uses her own DNA to create an intelligent and immortal sphinx which is planned to one day succeed her to the throne, except that Finn and Jake accidentally affect those plans.",8.0,1.6K,"Mon, Jun 4, 2012",4,10,Goliad
S4.E11 ∙ Beyond This Earthly Realm,"A magic curse turns Finn into a ghost, invisible to everyone but the Ice King.",7.7,1.6K,"Mon, Jun 11, 2012",4,11,Beyond This Earthly Realm
S4.E12 ∙ Gotcha!,Lumpy Space Princess sets out to write a book on how to catch a man and goes undercover as Finn and Jake's secretary in order to seduce Finn.,6.9,1.6K,"Mon, Jun 18, 2012",4,12,Gotcha!
S4.E13 ∙ Princess Cookie,The Candy Kingdom faces a hostage crisis from a cookie that demands Princess Bubblegum's crown.,8.7,1.9K,"Mon, Jun 25, 2012",4,13,Princess Cookie
S4.E14 ∙ Card Wars,"As Finn joins in on Jake's favorite, hyper-complicated card game, emotions and poor gamesmanship run high.",8.5,1.8K,"Mon, Jul 16, 2012",4,14,Card Wars
S4.E15 ∙ Sons of Mars,"Magic Man switches bodies with Jake so that he can escape his trial on Mars, leaving it up to Finn to reveal the truth and save his friend.",8.2,1.6K,"Mon, Jul 23, 2012",4,15,Sons of Mars
S4.E16 ∙ Burning Low,"Finn and Flame Princess cautiously begin a relationship as boyfriend and girlfriend, of which Princess Bubblegum disapproves.",8.5,1.8K,"Mon, Jul 30, 2012",4,16,Burning Low
S4.E17 ∙ BMO Noire,BMO uses hard-boiled detective skills to locate Finn's missing sock.,8.1,1.7K,"Mon, Aug 6, 2012",4,17,BMO Noire
S4.E18 ∙ King Worm,"Finn finds himself trapped in a bizarre dream, the outcome of which may determine if he ever wakes up.",8.4,1.7K,"Mon, Aug 13, 2012",4,18,King Worm
S4.E19 ∙ Lady & Peebles,Princess Bubblegum and Lady Rainicorn must rescue Finn and Jake.,7.9,1.6K,"Mon, Aug 20, 2012",4,19,Lady & Peebles
S4.E20 ∙ You Made Me,"The would-be usurper to the throne, Lemongrab, returns to the Candy Kingdom, demanding volunteer subjects for his own kingdom.",8.0,1.6K,"Mon, Aug 27, 2012",4,20,You Made Me
S4.E21 ∙ Who Would Win,"While training for an epic battle, Finn and Jake take their frustrations out in a fight against each other.",7.4,1.5K,"Mon, Sep 3, 2012",4,21,Who Would Win
S4.E22 ∙ Ignition Point,"Finn and Jake sneak into the Fire Kingdom to retrieve some of Flame Princess' things, and stumble onto a plot to kill the Flame King.",7.6,1.5K,"Mon, Sep 17, 2012",4,22,Ignition Point
S4.E23 ∙ The Hard Easy,A tribe of swamp creatures ask Finn and Jake to save them from a Mega Frog.,7.5,1.5K,"Mon, Oct 1, 2012",4,23,The Hard Easy
S4.E24 ∙ Reign of Gunters,"While the Ice King is away, his sidekick Gunther the penguin uses a magic amulet to conquer the countryside and attack the Candy Kingdom.",7.9,1.5K,"Mon, Oct 8, 2012",4,24,Reign of Gunters
S4.E25 ∙ I Remember You,The Ice King asks Marceline to help him write a song.,9.7,3.3K,"Mon, Oct 15, 2012",4,25,I Remember You
S4.E26 ∙ The Lich,Finn has an unclear premonition involving The Lich and sets out to stop the undead creature.,9.2,2K,"Mon, Oct 22, 2012",4,26,The Lich
S5.E1 ∙ Finn the Human,Finn's wish to stop the evil Lich has massive cosmic consequences.,9.0,2K,"Mon, Nov 12, 2012",5,1,Finn the Human
S5.E2 ∙ Jake the Dog,Following the unexpected consequences of Finn's cosmic wish it's up to the Jake -- and his short attention span -- to set things right.,9.4,2.2K,"Mon, Nov 12, 2012",5,2,Jake the Dog
S5.E3 ∙ Five More Short Graybles,Five more short stories with one connecting theme.,7.4,1.6K,"Mon, Nov 19, 2012",5,3,Five More Short Graybles
S5.E4 ∙ Up a Tree,"Having been magical shrunk to the size of a forest animal, Finn takes up a quest to climb a tree and retrieve his lost flying disc.",7.6,1.6K,"Mon, Nov 26, 2012",5,4,Up a Tree
S5.E5 ∙ All the Little People,"Finn receives a mysterious bag that contains what appears to be living toys of everyone he knows, which playing with has unexpected results.",8.5,1.7K,"Mon, Dec 3, 2012",5,5,All the Little People
S5.E6 ∙ Jake the Dad,Lady gives birth to a litter of puppies and Jake becomes an eager but frantic father.,8.2,1.7K,"Mon, Jan 7, 2013",5,6,Jake the Dad
S5.E7 ∙ Davey,"Finn becomes Davey, an alter-ego, everyday man in order to escape the attention of fame and becomes consumed by his new identity.",7.5,1.6K,"Mon, Jan 14, 2013",5,7,Davey
S5.E8 ∙ Mystery Dungeon,"Ice King, Neptr, Tree Trunks, Shelby and Lemongrab wake up in a dungeon and must work together to escape.",8.2,1.6K,"Mon, Jan 21, 2013",5,8,Mystery Dungeon
S5.E9 ∙ All Your Fault,Lemongrab sends a distress message to the Candy Kingdom which Finn and Jake respond to.,8.1,1.6K,"Mon, Jan 28, 2013",5,9,All Your Fault
S5.E10 ∙ Little Dude,Finn's hat comes to life.,7.3,1.5K,"Mon, Feb 4, 2013",5,10,Little Dude
S5.E11 ∙ Bad Little Boy,A return to the gender-swapped world with Fionna and Cake and Marshall Lee the Vampire King.,8.1,1.8K,"Mon, Feb 18, 2013",5,11,Bad Little Boy
S5.E12 ∙ Vault of Bones,Finn and Flame Princess explore a dungeon together.,7.9,1.6K,"Mon, Feb 25, 2013",5,12,Vault of Bones
S5.E13 ∙ The Great Bird Man,"Finn and Jake get lost in the badlands and are saved by Xergiok, ex-Goblin King who now lives in a cave. A look at what Ice King and Marceline were like 996 years ago.",7.4,1.5K,"Mon, Mar 4, 2013",5,13,The Great Bird Man
S5.E14 ∙ Simon & Marcy,"Marceline tells Finn and Jake about her and Ice King's past, 996 years ago.",9.6,2.9K,"Mon, Mar 25, 2013",5,14,Simon & Marcy
S5.E15 ∙ A Glitch Is a Glitch,"Ice King creates a computer virus to delete everybody except him and Princess Bubblegum. Stuck inside the treehouse during a sword storm, Jake builds a pillow fort while Finn goes to a different world.",7.9,1.7K,"Mon, Apr 1, 2013",5,15,A Glitch Is a Glitch
S5.E16 ∙ Puhoy,"Depressed by his feelings with Flame Princess, Finn enters a pillow fort where he enters a new world and makes a new life for himself.",9.1,2K,"Mon, Apr 8, 2013",5,16,Puhoy
S5.E17 ∙ BMO Lost,BMO gets snatched away by a giant eagle and must find his way home.,8.1,1.6K,"Mon, Apr 15, 2013",5,17,BMO Lost
S5.E18 ∙ Princess Potluck,Ice King does everything possible to ruin a princess potluck he believes he didn't get invited to.,7.4,1.5K,"Mon, Apr 22, 2013",5,18,Princess Potluck
S5.E19 ∙ James Baxter the Horse,Finn and Jake meet a horse with the power to make sad people happy.,7.6,1.5K,"Mon, May 6, 2013",5,19,James Baxter the Horse
S5.E20 ∙ Shh!,Finn and Jake hold a contest to see who can last longer without talking.,8.0,1.6K,"Mon, May 13, 2013",5,20,Shh!
S5.E21 ∙ The Suitor,Peppermint Butler thinks Princess Bubblegum is spending too much time in her lab and decides she needs a suitor.,7.4,1.5K,"Mon, May 20, 2013",5,21,The Suitor
"S5.E22 ∙ The Party's Over, Isla de Señorita","After becoming tired of always losing to Finn and Jake and failing to win Princess Bubblegum's love, Ice King decides to throw in the towel.",7.5,1.5K,"Mon, May 27, 2013",5,22,"The Party's Over, Isla de Señorita"
S5.E23 ∙ One Last Job,"Jake Jr. gets mixed up with some bad eggs, and Jake reunites with his old gang to save her.",7.8,1.5K,"Mon, Jun 10, 2013",5,23,One Last Job
S5.E24 ∙ Another Five More Short Graybles,"Five short stories, some involving Finn and Jake building a time machine.",7.5,1.5K,"Mon, Jun 17, 2013",5,24,Another Five More Short Graybles
S5.E25 ∙ Candy Streets,Lumpy Space Princess is robbed and faints before she can tell Finn and Jake who robbed her.,7.5,1.4K,"Mon, Jun 24, 2013",5,25,Candy Streets
"S5.E26 ∙ Wizards Only, Fools",Princess Bubblegum believes magic is nothing but a bunch of hooey until Starchy gets sick.,7.7,1.5K,"Mon, Jul 1, 2013",5,26,"Wizards Only, Fools"
S5.E27 ∙ Jakesuit,Jake is sick and tired of Finn using his body as a suit of armor.,7.8,1.5K,"Mon, Jul 15, 2013",5,27,Jakesuit
S5.E28 ∙ Be More,Finn and Jake disguise themselves as MOs in order to infiltrate the MO factory.,8.7,1.7K,"Mon, Jul 22, 2013",5,28,Be More
S5.E29 ∙ Sky Witch,Princess Bubblegum and Marceline team up to reclaim lost property.,8.2,1.6K,"Mon, Jul 29, 2013",5,29,Sky Witch
S5.E30 ∙ Frost & Fire,"After Flame Princess battles Ice King, Finn has an exciting dream.",8.0,1.6K,"Mon, Aug 5, 2013",5,30,Frost & Fire
S5.E31 ∙ Too Old,"Finn and Princess Bubblegum discover a talented lemon citizen named Lemonhope while on a diplomatic trip to Castle Lemongrab; also, something strange is happening to the Earls of Lemongrab, leading to their society crumbling.",7.7,1.5K,"Mon, Aug 12, 2013",5,31,Too Old
S5.E32 ∙ Earth & Water,Princess Bubblegum subjects Flame Princess to a series of tests to gauge Fire Princess' fiery tendencies.,7.8,1.5K,"Mon, Sep 2, 2013",5,32,Earth & Water
S5.E33 ∙ Time Sandwich,Jake crafts the most delicious sandwich ever.,8.4,1.6K,"Mon, Sep 9, 2013",5,33,Time Sandwich
S5.E34 ∙ The Vault,Jake and BMO help Finn tap into his repressed memories to uncover a secret past.,8.8,1.7K,"Mon, Sep 16, 2013",5,34,The Vault
S5.E35 ∙ Love Games,Slime Princess needs a husband or else she'll lose the Slime Kingdom to her obnoxious sister.,6.8,1.5K,"Mon, Sep 23, 2013",5,35,Love Games
S5.E36 ∙ Dungeon Train,Finn and Jake discover a train where every car is a dungeon filled with a new foe for Finn to fight.,8.1,1.6K,"Mon, Sep 30, 2013",5,36,Dungeon Train
S5.E37 ∙ Box Prince,Finn meets the Box Prince (a cat with a box on its back) and discovers the Box Kingdom has been taken over by an impostor.,7.0,1.5K,"Mon, Oct 7, 2013",5,37,Box Prince
S5.E38 ∙ Red Starved,"Finn, Jake and Marceline become trapped underground. Starving for anything red Marceline begins to lose control and turns her eyes to Finn and Jake's blood.",7.6,1.5K,"Mon, Oct 14, 2013",5,38,Red Starved
S5.E39 ∙ We Fixed a Truck,Finn and Jake find a broken down pickup truck and enlist the help of BMO and Banana Man to fix it.,7.7,1.5K,"Mon, Oct 21, 2013",5,39,We Fixed a Truck
S5.E40 ∙ Play Date,"Sick and tired of babysitting Ice King while the Ice Kingdom is being rebuilt, Finn and Jake call up an old friend to hang out with their annoying houseguest: Abracadaniel. But when Ice King and his new BFF accidentally unleash the demon Kee-Oth, Finn and Jake have to clean up their mess.",7.4,1.4K,"Mon, Nov 4, 2013",5,40,Play Date
S5.E41 ∙ The Pit,"Kee-Oth the Blood Demon has kidnapped Jake, taken him back to his dimension and thrown him in a pit. If Finn wants to rescue his friend, he's going to need Lady Rainicorn's help... and a videotape that will reveal how to open the portal to Kee-Oth's messed-up dimension.",7.8,1.5K,"Mon, Nov 18, 2013",5,41,The Pit
S5.E42 ∙ James,"Finn and Jake accompany Princess Bubblegum on her study of the Desert of Wonders. However, they are soon attacked by goo monsters, and Finn and Jake think that Bubblegum's robot helper James is to blame.",7.7,1.5K,"Mon, Nov 25, 2013",5,42,James
S5.E43 ∙ Root Beer Guy,"Root beer guy must put aside his common everyday life to search for the truth behind the murders, lies, and deceit in the Candy Kingdom.",8.4,1.6K,"Mon, Dec 2, 2013",5,43,Root Beer Guy
S5.E44 ∙ Apple Wedding,Tree Trunks and Mr. Pig are getting married.,7.2,1.4K,"Mon, Jan 13, 2014",5,44,Apple Wedding
S5.E45 ∙ Blade of Grass,Finn gets a new sword.,8.6,1.6K,"Mon, Jan 20, 2014",5,45,Blade of Grass
S5.E46 ∙ Rattleballs,Finn meets an old robot in the junkyard who promises to make Finn into a master swordsman.,8.3,1.5K,"Mon, Jan 27, 2014",5,46,Rattleballs
S5.E47 ∙ The Red Throne,The Fire King and Don John the Flame Lord take over the Fire Kingdom. Now Flame Princess must use Finn's and Cinnamon Bun's help to get it back.,7.6,1.4K,"Mon, Feb 10, 2014",5,47,The Red Throne
S5.E48 ∙ Betty,"The Ice King loses his powers, reverts to his old human-self, and begins to wither away due to being over a thousand years old.",9.0,1.8K,"Mon, Feb 24, 2014",5,48,Betty
S5.E49 ∙ Bad Timing,Bubblegum Princess invents a time travel sphere that Lumpy Space Princess wants for solving her relationship problems.,7.4,1.4K,"Mon, Mar 3, 2014",5,49,Bad Timing
S5.E50 ∙ Lemonhope Part One,Young Lemonhope leaves the candy kingdom after a deep desire to be free of all responsibilities grips him. So he ventures out on his own with nothing more than a lute and hope to find freedom.,8.0,1.6K,"Mon, Mar 10, 2014",5,50,Lemonhope Part One
S6.E1 ∙ Wake Up,Finn tracks down who he believes is his father.,9.2,1.8K,"Mon, Apr 21, 2014",6,1,Wake Up
S6.E2 ∙ Escape from the Citadel,"Finn finds his long-lost father after following the Lich to the Citadel. As it turns out, maybe this wasn't such a good idea?",9.4,2K,"Mon, Apr 21, 2014",6,2,Escape from the Citadel
S6.E3 ∙ James II,"'James', Finn & Jake, and Princess Bubblegum discover that James has been cloned 25 times, and that the original zombie James is returning - and not in a good way.",7.5,1.5K,"Mon, Apr 28, 2014",6,3,James II
S6.E4 ∙ The Tower,Finn decides to build a tower to space.,8.5,1.6K,"Mon, May 5, 2014",6,4,The Tower
S6.E5 ∙ Sad Face,"Once a month, while Finn and Jake are asleep, Jake's tail comes to life. It travels to a little circus in the forest, where it is known as Blue Nose the sad faced clown. But Blue Nose and the ringmaster come to a disagreement regarding the treatment of the ""beast"" Goralina.",6.9,1.5K,"Mon, May 12, 2014",6,5,Sad Face
S6.E6 ∙ Breezy,"In an attempt to help his wilting arm-flower, Finn begins a search for smooches with the help of a friendly bee named Breezy.",7.7,1.5K,"Thu, Jun 5, 2014",6,6,Breezy
S6.E7 ∙ Food Chain,Finn and Jake learn how the food chain works with a little help from Magic Man.,8.0,1.8K,"Thu, Jun 12, 2014",6,7,Food Chain
S6.E8 ∙ Furniture & Meat,Finn and Jake spend all their money.,7.4,1.4K,"Thu, Jun 19, 2014",6,8,Furniture & Meat
S6.E9 ∙ The Prince Who Wanted Everything,"Back to the Fiona and Cake universe when LSP wants the Ice King to tell (her) version of Lumpy Space Prince's life, but she has an ulterior motive.",6.9,1.5K,"Thu, Jun 26, 2014",6,9,The Prince Who Wanted Everything
S6.E10 ∙ Something Big,The Sky Witch attacks the Candy Kingdom.,8.2,1.5K,"Thu, Jul 3, 2014",6,10,Something Big
S6.E11 ∙ Little Brother,Shelby gains a little brother who sets off to battle.,8.1,1.5K,"Thu, Jul 10, 2014",6,11,Little Brother
S6.E12 ∙ Ocarina,Kim Kil Whan wants to teach his dad Jake responsibility.,7.8,1.4K,"Thu, Jul 17, 2014",6,12,Ocarina
"S6.E13 ∙ Thanks for the Crabapples, Giuseppe!",Ice King goes on a spiritual journey.,7.7,1.4K,"Thu, Jul 24, 2014",6,13,"Thanks for the Crabapples, Giuseppe!"
S6.E14 ∙ Princess Day,Marceline and Lumpy Space Princess cause chaos at the Breakfast Kingdom.,7.3,1.4K,"Thu, Jul 31, 2014",6,14,Princess Day
S6.E15 ∙ Nemesis,A crusader against the dark arts seeks to banish Peppermint Butler.,7.7,1.4K,"Thu, Aug 7, 2014",6,15,Nemesis
S6.E16 ∙ Joshua & Margaret Investigations,Jake tells the story of his and his brother Jermaine's' births.,8.4,1.5K,"Thu, Aug 14, 2014",6,16,Joshua & Margaret Investigations
S6.E17 ∙ Ghost Fly,"Jake kills a fly that gets into his soup. However, he and Finn must get creative when the fly returns as a powerful ghost to haunt them.",7.6,1.4K,"Tue, Oct 28, 2014",6,17,Ghost Fly
S6.E18 ∙ Everything's Jake,Jake is transported to a different world.,8.1,1.5K,"Mon, Nov 24, 2014",6,18,Everything's Jake
S6.E19 ∙ Is That You?,"After the death of Prismo, Finn and Jake do a funeral ritual. But when Jake eats the last pickle of the jar of pickles that Prismo made for him, he is transported to Prismo's lair. Will Finn be able to save him?",9.2,1.9K,"Tue, Nov 25, 2014",6,19,Is That You?
S6.E20 ∙ Jake the Brick,Jake is conducting an experiment of being a brick in a brick-shack.,8.8,1.7K,"Wed, Nov 26, 2014",6,20,Jake the Brick
S6.E21 ∙ Dentist,"Finn has a toothache, so he has to go to the dentist.",7.7,1.4K,"Fri, Nov 28, 2014",6,21,Dentist
S6.E22 ∙ The Cooler,Flame Princess asks Princess Bubblegum for help when her city is cooled down.,8.0,1.4K,"Thu, Dec 4, 2014",6,22,The Cooler
S6.E23 ∙ The Pajama War,A slumber party is being held in the Candy Kingdom and Finn and Princess Bubblegum are sent to 7 minutes in Heaven.,8.1,1.4K,"Thu, Jan 8, 2015",6,23,The Pajama War
S6.E24 ∙ Evergreen,"Set in the Prehistoric Era, Evergreen and his apprentice Gunter have to stop a comet heading towards Earth.",8.9,1.6K,"Thu, Jan 15, 2015",6,24,Evergreen
S6.E25 ∙ Astral Plane,"Finn and Jake go camping in the woods. When they go to sleep, Finn has an out-of-body experience and visits other creatures all around Ooo while he slowly ascends to space.",8.9,1.6K,"Thu, Jan 22, 2015",6,25,Astral Plane
S6.E26 ∙ Gold Stars,"During his first day of school, Sweet Pea is approached by the King of OOO and his companion, Toronto, who lure him into dancing in public.",8.0,1.4K,"Thu, Jan 29, 2015",6,26,Gold Stars
S6.E27 ∙ The Visitor,Finn's dream about following a comet to its crash site reunites him with an old friend.,7.8,1.4K,"Thu, Feb 5, 2015",6,27,The Visitor
S6.E28 ∙ The Mountain,"Feeling unfulfilled, both Lemongrab and Finn take an introspective journey into the Mountain of Matthew. Inside, they are faced with their desires, their fears and themselves, and must make a pivotal choice.",7.7,1.4K,"Thu, Feb 12, 2015",6,28,The Mountain
S6.E29 ∙ Dark Purple,Susan Strong and her allies infiltrate the mysterious Super Porp factory.,7.5,1.4K,"Thu, Feb 19, 2015",6,29,Dark Purple
S6.E30 ∙ The Diary,"Jake's son T.V. discovers a mysterious diary in the dried-up moat of the Candy Kingdom, and becomes obsessed with finding out more about the writer known only as ""B.P.",7.8,1.4K,"Thu, Feb 26, 2015",6,30,The Diary
S6.E31 ∙ Walnuts & Rain,Finn & Jake stumble into two different holes and meet two different fates.,7.9,1.4K,"Thu, Mar 5, 2015",6,31,Walnuts & Rain
S6.E32 ∙ Friends Forever,The Ice King struggles with the consequences of making new friends.,7.2,1.4K,"Thu, Apr 16, 2015",6,32,Friends Forever
S6.E33 ∙ Jermaine,Jake meets his brother Jermaine in a dream and decides to visit him in the real world.,8.1,1.4K,"Thu, Apr 23, 2015",6,33,Jermaine
S6.E34 ∙ Chips & Ice Cream,BMO'S favorite artists find a new home in the treehouse.,6.7,1.4K,"Thu, Apr 30, 2015",6,34,Chips & Ice Cream
S6.E35 ∙ Graybles 1000+,Cuber returns for the telling of another installment of the Graybles.,8.3,1.4K,"Thu, May 7, 2015",6,35,Graybles 1000+
S6.E36 ∙ Hoots,A charismatic stranger in Finn's dream leads Cosmic Owl to shirk his duties.,8.2,1.4K,"Thu, May 14, 2015",6,36,Hoots
S6.E37 ∙ Water Park Prank,Finn and Jake enjoy a day at the water park.,5.0,1.7K,"Thu, May 21, 2015",6,37,Water Park Prank
S6.E38 ∙ You Forgot Your Floaties,Finn and Jake storm Magic Man's house to rescue his new apprentice.,8.4,1.4K,"Mon, Jun 1, 2015",6,38,You Forgot Your Floaties
S6.E39 ∙ Be Sweet,A fed up Lumpy Space Princess leaves the woods for a glamorous career in babysitting.,7.2,1.3K,"Tue, Jun 2, 2015",6,39,Be Sweet
S6.E40 ∙ Orgalorg,Gunther experiences strange visions following a walrus race accident.,8.7,1.5K,"Wed, Jun 3, 2015",6,40,Orgalorg
S6.E41 ∙ On the Lam,"Finn's father, Martin the Human, fights for freedom on a new planet.",7.3,1.3K,"Thu, Jun 4, 2015",6,41,On the Lam
S6.E42 ∙ Hot Diggity Doom,Princess Bubblegum's attention is diverted by a mysterious presence in the sky.,8.2,1.4K,"Fri, Jun 5, 2015",6,42,Hot Diggity Doom
S6.E43 ∙ The Comet,"Finn, Jake, and Orgalorg converge with the comet and meet their destiny.",9.1,1.6K,"Fri, Jun 5, 2015",6,43,The Comet
S7.E1 ∙ Bonnie & Neddy,"The greed of the King of Ooo leads to a crisis in the Candy Kingdom, and (ex-) Princess Bubblegum has to return briefly from exile to deal with it.",7.8,1.4K,"Mon, Nov 2, 2015",7,1,Bonnie & Neddy
S7.E2 ∙ Varmints,Marceline and Bubblegum rekindle an old friendship while fighting off some varmints.,8.6,1.5K,"Tue, Nov 3, 2015",7,2,Varmints
S7.E3 ∙ Cherry Cream Soda,The arrival of a visitor causes Cherry Cream Soda's life to fall flat.,7.5,1.3K,"Wed, Nov 4, 2015",7,3,Cherry Cream Soda
S7.E4 ∙ Mama Said,Finn and Jake's loyalty is questioned when King of Ooo sends the duo on a mission to catch flying mushrooms.,7.3,1.3K,"Thu, Nov 5, 2015",7,4,Mama Said
S7.E5 ∙ Football,"BMO switches places with his reflection, Football.",8.1,1.4K,"Fri, Nov 6, 2015",7,5,Football
S7.E6 ∙ Stakes Part 1: Marceline the Vampire Queen,Finn and Jake hunt a shadowy predator and Marceline asks Princess Bubblegum for a favor.,9.0,1.6K,"Mon, Nov 16, 2015",7,6,Stakes Part 1: Marceline the Vampire Queen
S7.E7 ∙ Stakes Part 2: Everything Stays,"As the sun rises on her last day, Marceline recalls her long extraordinary life.",9.3,1.7K,"Mon, Nov 16, 2015",7,7,Stakes Part 2: Everything Stays
S7.E8 ∙ Stakes Part 3: Vamps About,Five foes from Marceline's past come back to cause trouble for the land of Ooo.,9.0,1.5K,"Tue, Nov 17, 2015",7,8,Stakes Part 3: Vamps About
S7.E9 ∙ Stakes Part 4: The Empress Eyes,The empress seeks her revenge and uses the Ice King as her puppet. Marceline retaliates and gets her own vengeance.,8.8,1.5K,"Tue, Nov 17, 2015",7,9,Stakes Part 4: The Empress Eyes
S7.E10 ∙ Stakes Part 5: May I Come In?,"Marceline, Bonnibel, Finn, Jake and Lumpy Space Princess fight a more traditional vampire, The Hierophant.",9.0,1.5K,"Wed, Nov 18, 2015",7,10,Stakes Part 5: May I Come In?
S7.E11 ∙ Stakes Part 6: Take Her Back,Princess Bubblegum searches for a cure for Marceline and Finn and Jake battle a vampire.,9.0,1.5K,"Wed, Nov 18, 2015",7,11,Stakes Part 6: Take Her Back
S7.E12 ∙ Stakes Part 7: Checkmate,Marceline's archenemy visits and makes an odd proposal right before battle.,9.1,1.6K,"Thu, Nov 19, 2015",7,12,Stakes Part 7: Checkmate
S7.E13 ∙ Stakes Part 8: The Dark Cloud,"Following the release of the Vampire King's Vampuric essence, Finn, Jake, and Princess Bubblegum are forced into a fight against the seemingly unstoppable force without the aid of a depressed Marceline.",9.2,1.6K,"Thu, Nov 19, 2015",7,13,Stakes Part 8: The Dark Cloud
S7.E14 ∙ The More You Moe,"On BMO's birthday, Moe comes to visit and give BMO a special birthday mission. But while BMO is away, Moe begins to overstay his welcome at the tree house.",8.1,1.3K,"Thu, Dec 3, 2015",7,14,The More You Moe
S7.E15 ∙ The Moe You Know,BMO continues its quest to adulthood. It'll discover that something went wrong in the factory where all the MOs where created.,8.6,1.3K,"Thu, Dec 3, 2015",7,15,The Moe You Know
S7.E16 ∙ Summer Showers,"Jake's Daughter, Viola helps LSP with her play, Summer Showers.",7.3,1.3K,"Thu, Jan 7, 2016",7,16,Summer Showers
S7.E17 ∙ Angel Face,BMO creates a live action role-play bounty mission and sets out with Jake as his steed to capture the infamous 'Jack Rabbit Johnson'.,7.5,1.2K,"Mon, Jan 11, 2016",7,17,Angel Face
S7.E18 ∙ President Porpoise Is Missing!,"When Jake's video chat buddy goes missing, he must go look for him with Finn in Banana Man's submarine.",6.7,1.3K,"Tue, Jan 12, 2016",7,18,President Porpoise Is Missing!
S7.E19 ∙ Blank Eyed Girl,"A radio program broadcasts the most strange news, a blank eyed girl is going around scaring the inhabitants of Kandy Kingdom. Beware of the Blank Eyed Girl, it's coming for you.",8.2,1.4K,"Wed, Jan 13, 2016",7,19,Blank Eyed Girl
S7.E20 ∙ Bad Jubies,"Finn, Jake, LSP and BMO must contend with some deadly weather.",8.0,1.4K,"Thu, Jan 14, 2016",7,20,Bad Jubies
S7.E21 ∙ A King's Ransom,Ice King suffers a heartbreaking loss and it's up to Finn and Jake to find the culprit.,8.3,1.3K,"Fri, Jan 15, 2016",7,21,A King's Ransom
S7.E22 ∙ Scamps,A King's Ransom: Ice King suffers a heartbreaking loss and it's up to Finn and Jake to find the culprit. / Scamps: Finn takes a group of at-risk Candy Kingdom youth on a camping trip they'll never forget.,7.1,1.3K,"Thu, Jan 21, 2016",7,22,Scamps
S7.E23 ∙ Crossover,"Due to a prior wish Finn asked Prismo to make, Finn must now stop another dimension's version of himself and an old villain from destroying the entire multiverse.",9.2,1.5K,"Thu, Jan 28, 2016",7,23,Crossover
S7.E24 ∙ The Hall of Egress,Finn enters a mysterious dungeon and struggles to find a way out and back to Jake.,9.4,1.8K,"Sat, Mar 5, 2016",7,24,The Hall of Egress
S7.E25 ∙ Flute Spell,"With it being rumoured that Finn is seeing someone new, Jake endeavours to find out who.",8.4,1.4K,"Sat, Mar 12, 2016",7,25,Flute Spell
S7.E26 ∙ The Thin Yellow Line,Finn and Jake infiltrate the Banana Guard ranks and stumble upon a conspiracy.,8.1,1.3K,"Sat, Mar 19, 2016",7,26,The Thin Yellow Line
S8.E1 ∙ Broke His Crown,Ice King has some problems with his crown. Princess Bubblegum helps along with Marceline.,8.8,1.4K,"Sat, Mar 26, 2016",8,1,Broke His Crown
S8.E2 ∙ Don't Look,"At the library, Finn learns of a mountain with treasure possessing transformative properties at its peak. He and Jake venture to find the treasure, but find more than they expected when they encounter the hermit guarding the treasure.",8.4,1.3K,"Sat, Apr 2, 2016",8,2,Don't Look
S8.E3 ∙ Beyond the Grotto,"In pursuit of a runaway Sea Lard, Finn and Jake are led down a whirlpool to a curious new land.",7.6,1.3K,"Sat, Apr 9, 2016",8,3,Beyond the Grotto
S8.E4 ∙ Lady Rainicorn of the Crystal Dimension,"T.V., still living with his mother, discovers a magical object and without knowing, attracts Lee - a rainicorn from the Crystal Dimension, which reveals an important part of Lady Rainicorn's past.",7.4,1.2K,"Sat, Apr 16, 2016",8,4,Lady Rainicorn of the Crystal Dimension
S8.E5 ∙ I Am a Sword,"Fin loses his Fin-Sword and he needs to get it back ASAP, because someone is using it to cause terror and rampage.",8.1,1.3K,"Sat, Apr 23, 2016",8,5,I Am a Sword
S8.E6 ∙ Bun Bun,"Princess Bubblegum feels sad that Cinnamon Bun is the only candy person in the Flame Kingdom, so she creates Bun Bun, a tiny cinnamon bun, to keep him company.",7.8,1.3K,"Thu, May 5, 2016",8,6,Bun Bun
S8.E7 ∙ Normal Man,"Stripped of his magic powers, Normal Man enlists Finn and Jake's help to rescue his brother Glob.",8.1,1.3K,"Thu, May 12, 2016",8,7,Normal Man
S8.E8 ∙ Elemental,Ice King discovers something buried deep beneath the Ice Kingdom that could change Ooo forever.,8.2,1.3K,"Thu, May 19, 2016",8,8,Elemental
S8.E9 ∙ Five Short Tables,Fionna and Cake go on an adventure to push the art of cake to another level.,7.2,1.2K,"Thu, May 26, 2016",8,9,Five Short Tables
S8.E10 ∙ The Music Hole,"Finn gets to be the judge of battle of the bands held in the Candy Kingdom, when he starts to hear music that nobody else can.",8.6,1.4K,"Thu, Jun 23, 2016",8,10,The Music Hole
S8.E11 ∙ Daddy-Daughter Card Wars,"Daddy-Daughter Card Wars: To put his embarrassing past behind him, Jake needs his daughter Charlie's help to win an underground Card Wars tourney.",7.7,1.2K,"Thu, Jul 7, 2016",8,11,Daddy-Daughter Card Wars
S8.E12 ∙ Preboot,"While searching for old human artifacts, Jake, Finn, and Susan Strong meet Tiffany, who is employed by a mysterious Doctor Gross.",7.9,1.3K,"Sat, Nov 19, 2016",8,12,Preboot
S8.E13 ∙ Reboot,"After Susan Strong's chip is activated, she goes rogue and attacks Finn.",8.4,1.3K,"Sat, Nov 19, 2016",8,13,Reboot
S8.E14 ∙ Two Swords,Finn and Jake puzzle over the nature of a mysterious newcomer.,8.5,1.3K,"Mon, Jan 23, 2017",8,14,Two Swords
S8.E15 ∙ Do No Harm,Doctor Princess thrusts a great responsibility upon Finn. Jake goes adventuring with a new friend.,8.3,1.3K,"Mon, Jan 23, 2017",8,15,Do No Harm
S8.E16 ∙ Wheels,Kim Kil Whan seeks Jake's assistance with his daughter's detachment from school. Jake gets distracted by something else instead.,7.5,1.3K,"Tue, Jan 24, 2017",8,16,Wheels
S8.E17 ∙ High Strangeness,Tree Trunks receives a strange visitor who reacquaints her with some family members. Tensions flare between her and Princess Bubblegum.,7.6,1.2K,"Wed, Jan 25, 2017",8,17,High Strangeness
S8.E18 ∙ Horse and Ball,James Baxter takes his turn to showcase his backstory through an interesting collage of flashbacks brought on by his famous Ball being popped.,7.4,1.2K,"Thu, Jan 26, 2017",8,18,Horse and Ball
S8.E19 ∙ Jelly Beans Have Power,Princess Bubblegum explores her new candy powers.,8.0,1.2K,"Fri, Jan 27, 2017",8,19,Jelly Beans Have Power
S8.E20 ∙ Islands Part 1: The Invitation,"Consequences regarding Susan's last sent message appear at the Candy Kingdom's shore, bringing about new questions and mysteries leading Finn, Jake and Susan to embark on a new adventure.",8.5,1.3K,"Mon, Jan 30, 2017",8,20,Islands Part 1: The Invitation
S8.E21 ∙ Islands Part 2: Whipple the Happy Dragon,"After a mysterious craft lands in Ooo, Finn, Jake, Susan Strong, set sail for the Island that it originated, hoping to learn the truth about the past and what happened to the humans.",8.0,1.3K,"Mon, Jan 30, 2017",8,21,Islands Part 2: Whipple the Happy Dragon
S8.E22 ∙ Islands Part 3: Mysterious Island,"After waking up alone and shipwrecked, Finn investigates a bizarre island in search of his friends.",8.5,1.3K,"Tue, Jan 31, 2017",8,22,Islands Part 3: Mysterious Island
S8.E23 ∙ Islands Part 4: Imaginary Resources,"Finn and Jake find BMO, who is enjoying newfound fame and popularity in a new land.",8.4,1.3K,"Tue, Jan 31, 2017",8,23,Islands Part 4: Imaginary Resources
S8.E24 ∙ Islands Part 5: Hide and Seek,"Susan strong has flashbacks to her life when she was younger, and starts remembering who she actually is.",9.2,1.4K,"Wed, Feb 1, 2017",8,24,Islands Part 5: Hide and Seek
S8.E25 ∙ Islands Part 6: Min and Marty,Susan drops a big surprise on Finn and questions about his past are answered.,9.6,1.7K,"Wed, Feb 1, 2017",8,25,Islands Part 6: Min and Marty
S8.E26 ∙ Islands Part 7: Helpers,Finn finally finds what he was looking for but things are not the way he expected them to be. Susan sees someone from her past life.,9.3,1.5K,"Thu, Feb 2, 2017",8,26,Islands Part 7: Helpers
S8.E27 ∙ Islands Part 8: The Light Cloud,Finn decides to leave the island and tries to get everyone else to come with him as well.,9.5,1.6K,"Thu, Feb 2, 2017",8,27,Islands Part 8: The Light Cloud
S9.E1 ∙ Orb,"During the journey home from their sea-faring adventure; Finn, Jake, and BMO encounter a mysterious force that enters their dreams.",8.1,1.3K,"Fri, Apr 21, 2017",9,1,Orb
S9.E2 ∙ Elements Part 1: Skyhooks,"Finn, Jake, and BMO return from their voyage to a radically changed Ooo.",8.6,1.3K,"Mon, Apr 24, 2017",9,2,Elements Part 1: Skyhooks
S9.E3 ∙ Elements Part 2: Bespoken For,"The friends learn the story of what happened to Ooo, while Betty continues her attempt to reach Simon, but she's interrupted by someone out to steal her magic.",8.7,1.3K,"Mon, Apr 24, 2017",9,3,Elements Part 2: Bespoken For
S9.E4 ∙ Elements Part 3: Winter Light,"Finn, Jake and Ice King break into the Ice World to confront the power-hungry evildoer responsible for the chaos in Ooo and try to rescue Betty.",8.5,1.3K,"Tue, Apr 25, 2017",9,4,Elements Part 3: Winter Light
S9.E5 ∙ Elements Part 4: Cloudy,"After taking a nap, Finn and Jake get separated from Betty and the Ice King. They need to get back and Jake needs to go pee.",8.2,1.3K,"Tue, Apr 25, 2017",9,5,Elements Part 4: Cloudy
S9.E6 ∙ Elements Part 5: Slime Central,"In order to save Ooo, Finn and Jake must gather the four elemental gems. They go to the Slime Kingdom and have to gather Slime Princess's gem.",8.0,1.3K,"Wed, Apr 26, 2017",9,6,Elements Part 5: Slime Central
S9.E7 ∙ Elements Part 6: Happy Warrior,"After gathering the Slime jewel, Finn and LSP go to the Fire Kingdom, to gather the Flame Jewel. Everything has turned even hotter than before.",8.4,1.3K,"Wed, Apr 26, 2017",9,7,Elements Part 6: Happy Warrior
S9.E8 ∙ Elements Part 7: Hero Heart,"After going to the Fire Kingdom, Finn becomes taken over by fire. LSP has to save him before he destroys the candy kingdom.",8.5,1.3K,"Thu, Apr 27, 2017",9,8,Elements Part 7: Hero Heart
S9.E9 ∙ Elements Part 8: Skyhooks II,After saving Finn the human during a battle between the candy kingdom and the fire kingdom it is discovered that LSP is made of anti-elemental magic and restores Ooo to it's former state.,8.8,1.3K,"Thu, Apr 27, 2017",9,9,Elements Part 8: Skyhooks II
S9.E10 ∙ Abstract,Jake struggles through the personal changes happening to him as a mysterious encounter in a dream with his brother Jermaine begins to haunt him.,8.2,1.3K,"Fri, Jul 14, 2017",9,10,Abstract
S9.E11 ∙ Ketchup,BMO and Marceline play catch up on recent events.,8.4,1.3K,"Fri, Jul 14, 2017",9,11,Ketchup
S9.E12 ∙ Fionna and Cake and Fionna,"While performing a reading of 'Fiona and Cake', Ice King is confronted by a familiar figure.",6.8,1.3K,"Fri, Jul 14, 2017",9,12,Fionna and Cake and Fionna
S9.E13 ∙ Whispers,"While safeguarding a frightened Sweet P, Finn is led into a confrontation with an old foe.",8.7,1.3K,"Fri, Jul 14, 2017",9,13,Whispers
S9.E14 ∙ Three Buckets,Finn and Fern's carefree visit to some old ruins turns disastrous.,9.0,1.4K,"Fri, Jul 14, 2017",9,14,Three Buckets
S10.E1 ∙ The Wild Hunt,"A fierce creature is terrorizing the Candy Kingdom but before Finn can slay the beast, he must first overcome a guilty conscience.",8.3,1.3K,"Sun, Sep 17, 2017",10,1,The Wild Hunt
S10.E2 ∙ Always BMO Closing,BMO and Ice King hit the road as door-to-door salesmen and stumble upon an irresistible opportunity.,7.8,1.3K,"Sun, Sep 17, 2017",10,2,Always BMO Closing
S10.E3 ∙ Son of Rap Bear,"When Flame Princess is coaxed into a high stakes battle against the indomitable Son of Rap Bear, Finn must help her search for a new strategy.",7.2,1.3K,"Sun, Sep 17, 2017",10,3,Son of Rap Bear
S10.E4 ∙ Bonnibel Bubblegum,A long lost artifact causes Princess Bubblegum to go back to the creation of the Candy Kingdom.,9.0,1.4K,"Sun, Sep 17, 2017",10,4,Bonnibel Bubblegum
S10.E5 ∙ Seventeen,A mysterious knight crashes Finn's birthday bash and presents him with a dangerous gift.,8.4,1.3K,"Sun, Dec 17, 2017",10,5,Seventeen
S10.E6 ∙ Ring of Fire,"When an old flame comes calling on urgent business, Tree Trunks reconsiders both her wild past and her tranquil present.",6.8,1.3K,"Sun, Dec 17, 2017",10,6,Ring of Fire
S10.E7 ∙ Marcy & Hunson,"After helping with the creation of a new sword, Hunson Abadeer comes back to try and regain his daughter's love.",8.1,1.3K,"Sun, Dec 17, 2017",10,7,Marcy & Hunson
S10.E8 ∙ The First Investigation,Finn and Jake are tasked with investigating reports of a haunting at Joshua and Margaret's old office.,9.0,1.4K,"Sun, Dec 17, 2017",10,8,The First Investigation
S10.E9 ∙ Blenanas,"Finn's latest literary work meets with only derision, so he sets out to prove all the naysayers wrong.",7.5,1.2K,"Sun, Mar 18, 2018",10,9,Blenanas
S10.E10 ∙ Jake the Starchild,"In order to fulfill his grand destiny, Jake is spirited away by a strangely familiar shape-shifting alien.",8.3,1.3K,"Sun, Mar 18, 2018",10,10,Jake the Starchild
S10.E11 ∙ Temple of Mars,"Searching for answers on Mars, Finn and Jermaine discover that they must first survive a cunning Martian mental trap.",8.3,1.3K,"Sun, Mar 18, 2018",10,11,Temple of Mars
S10.E12 ∙ Gumbaldia,"Finn and Jake, as ambassadors of the Candy Kingdom, travel to a powerful new city-state in a last ditch effort to stave off war.",8.7,1.3K,"Sun, Mar 18, 2018",10,12,Gumbaldia
S10.E13 ∙ Come Along With Me,"BMO narrates ""The Great Gum War"" in which Finn, Jake, Marceline, PB and the Candy Kingdom go to war against Gumbald and his army that will determine the fate of Ooo once and for all.",9.7,4.2K,"Mon, Sep 3, 2018",10,13,Come Along With Me
